City_ID,City,Country,Date,Lat,Lng,Max Temp,Humidity,Cloudiness,Wind Speed
0,Rikitea,PF,2022-10-12 21:56:33,-23.1203,-134.9692,68.38,64,0,15.64
1,Bilibino,RU,2022-10-12 21:56:33,68.0546,166.4372,0.09,95,97,2.89
2,Makakilo City,US,2022-10-12 21:56:34,21.3469,-158.0858,84.61,61,100,4.47
3,Okhotsk,RU,2022-10-12 21:56:34,59.3833,143.3,28.87,64,0,11.63
4,Cidreira,BR,2022-10-12 21:56:35,-30.1811,-50.2056,61.75,87,90,7.47
5,Hobart,AU,2022-10-12 21:56:36,-42.8794,147.3294,61.27,81,100,18.41
6,Campoverde,PE,2022-10-12 21:56:36,-8.4753,-74.8058,92.89,30,62,1.23
7,Geraldton,AU,2022-10-12 21:56:37,-28.7667,114.6,46.81,87,0,8.05
8,Dikson,RU,2022-10-12 21:56:37,73.5069,80.5464,29.46,72,100,4.0
9,Tasiilaq,GL,2022-10-12 21:56:38,65.6145,-37.6368,27.41,93,100,2.08
10,Kodiak,US,2022-10-12 21:56:38,57.79,-152.4072,36.9,94,100,16.06
11,Saint-Philippe,RE,2022-10-12 21:56:39,-21.3585,55.7679,69.39,76,35,10.83
12,Qaanaaq,GL,2022-10-12 21:56:39,77.484,-69.3632,7.03,62,8,7.83
13,Nassjo,SE,2022-10-12 21:56:40,57.6531,14.6968,43.72,86,63,5.75
14,Hasaki,JP,2022-10-12 21:56:40,35.7333,140.8333,68.22,85,100,16.35
15,Jamestown,US,2022-10-12 21:55:00,42.097,-79.2353,68.02,54,40,12.66
16,Ushuaia,AR,2022-10-12 21:56:41,-54.8,-68.3,33.46,100,75,27.63
17,Patharia,IN,2022-10-12 21:56:41,23.9,79.2,70.59,83,8,3.09
18,San Patricio,US,2022-10-12 21:56:42,28.017,-97.5169,93.92,59,83,12.62
19,San Quintin,MX,2022-10-12 21:56:42,30.4833,-115.95,71.92,70,0,14.12
20,New Norfolk,AU,2022-10-12 21:56:43,-42.7826,147.0587,60.93,71,100,4.0
21,Cabo San Lucas,MX,2022-10-12 21:52:56,22.8909,-109.9124,91.62,53,5,6.96
22,Busselton,AU,2022-10-12 21:56:43,-33.65,115.3333,45.82,80,18,2.8
23,Adrar,MR,2022-10-12 21:56:44,20.5022,-10.0711,88.99,27,90,16.37
24,Leningradskiy,RU,2022-10-12 21:56:44,69.3833,178.4167,17.02,76,47,7.81
25,Saldanha,ZA,2022-10-12 21:56:45,-33.0117,17.9442,59.05,89,47,15.39
26,Tsumeb,NA,2022-10-12 21:56:45,-19.2333,17.7167,76.14,18,84,8.14
27,East London,ZA,2022-10-12 21:56:46,-33.0153,27.9116,68.95,89,100,15.17
28,Punta Arenas,CL,2022-10-12 21:56:46,-53.15,-70.9167,41.11,65,40,34.52
29,Simao,CN,2022-10-12 21:56:47,22.7886,100.9748,62.01,96,66,1.39
30,Karatuzskoye,RU,2022-10-12 21:56:47,53.6072,92.8667,38.39,82,98,10.38
31,Saskylakh,RU,2022-10-12 21:56:48,71.9167,114.0833,19.56,97,98,3.33
32,Albany,US,2022-10-12 21:51:55,42.6001,-73.9662,65.44,53,100,5.75
33,Butaritari,KI,2022-10-12 21:56:48,3.0707,172.7902,82.02,76,58,22.41
34,Puerto Ayora,EC,2022-10-12 21:56:49,-0.7393,-90.3518,71.56,87,86,7.0
35,Sungaipenuh,ID,2022-10-12 21:56:50,-2.0833,101.3833,63.27,98,99,1.34
36,Tocopilla,CL,2022-10-12 21:56:50,-22.092,-70.1979,60.8,67,21,6.29
37,Vaini,TO,2022-10-12 21:56:51,-21.2,-175.2,77.16,83,40,4.61
38,Bengkulu,ID,2022-10-12 21:56:51,-3.8004,102.2655,73.98,92,100,2.26
39,Castro,BR,2022-10-12 21:56:52,-24.7911,-50.0119,61.09,97,95,3.83
40,Airai,TL,2022-10-12 21:56:52,-8.9266,125.4092,60.94,83,76,1.45
41,Georgetown,MY,2022-10-12 21:56:53,5.4112,100.3354,80.89,91,20,5.01
42,Cunduacan,MX,2022-10-12 21:56:53,18.0667,-93.1667,87.91,80,100,1.9
43,Minsk,BY,2022-10-12 21:57:54,53.9,27.5667,40.75,72,47,3.29
44,Constitucion,CL,2022-10-12 21:57:54,-35.3333,-72.4167,56.37,69,33,18.97
45,Tsiroanomandidy,MG,2022-10-12 21:57:55,-18.7667,46.0333,65.97,62,0,1.19
46,Floirac,FR,2022-10-12 21:57:55,44.8324,-0.5141,57.02,95,13,0.0
47,Port Alfred,ZA,2022-10-12 21:57:56,-33.5906,26.891,68.18,92,100,1.01
48,Hithadhoo,MV,2022-10-12 21:57:57,-0.6,73.0833,79.05,81,95,13.73
49,Cape Town,ZA,2022-10-12 21:55:12,-33.9258,18.4232,64.11,86,75,18.41
50,Mataura,NZ,2022-10-12 21:57:57,-46.1927,168.8643,48.74,57,99,2.35
51,Nantucket,US,2022-10-12 21:57:58,41.2835,-70.0995,63.01,84,43,12.62
52,Ribeira Grande,PT,2022-10-12 21:57:58,38.5167,-28.7,72.77,83,7,5.99
53,Avarua,CK,2022-10-12 21:53:35,-21.2078,-159.775,80.65,78,75,17.27
54,Esperance,AU,2022-10-12 21:57:59,-33.8667,121.9,53.96,67,98,16.69
55,Provideniya,RU,2022-10-12 21:57:59,64.3833,-173.3,28.51,69,0,4.47
56,Klaksvik,FO,2022-10-12 21:58:00,62.2266,-6.589,47.32,74,81,17.18
57,Port Hardy,CA,2022-10-12 21:58:00,50.6996,-127.4199,51.98,87,20,3.44
58,Luderitz,NA,2022-10-12 21:58:01,-26.6481,15.1594,66.65,67,96,7.18
59,Irbil,IQ,2022-10-12 21:54:31,36.1926,44.0106,66.02,27,93,0.0
60,Mahebourg,MU,2022-10-12 21:58:01,-20.4081,57.7,71.89,78,40,9.22
61,Talnakh,RU,2022-10-12 21:58:02,69.4865,88.3972,31.21,93,50,8.39
62,Atuona,PF,2022-10-12 21:58:03,-9.8,-139.0333,77.2,78,63,20.38
63,Carnarvon,AU,2022-10-12 21:58:03,-24.8667,113.6333,59.04,46,0,18.23
64,General Roca,AR,2022-10-12 21:58:04,-39.0333,-67.5833,66.61,22,14,32.1
65,Atar,MR,2022-10-12 21:58:05,20.5169,-13.0499,89.92,29,81,12.68
66,Camacha,PT,2022-10-12 21:58:05,33.0833,-16.3333,67.42,78,20,8.05
67,Colares,PT,2022-10-12 21:54:18,38.7992,-9.4469,65.88,94,2,21.0
68,Lata,PT,2022-10-12 21:58:06,40.1629,-8.3327,64.92,93,5,2.06
69,Noumea,NC,2022-10-12 21:58:06,-22.2763,166.4572,76.98,76,84,13.65
70,Yumen,CN,2022-10-12 21:58:07,40.2833,97.2,46.02,42,100,17.4
71,Ziro,IN,2022-10-12 21:58:08,27.6333,93.8333,55.72,100,100,0.83
72,Harper,LR,2022-10-12 21:58:08,4.375,-7.7169,77.22,82,98,7.16
73,Piste,MX,2022-10-12 21:58:09,20.7,-88.5833,88.39,53,75,3.58
74,Petropavlivka,UA,2022-10-12 21:58:09,48.4564,36.4367,51.71,63,88,5.21
75,Hermanus,ZA,2022-10-12 21:58:10,-34.4187,19.2345,64.8,91,100,5.28
76,Longyearbyen,SJ,2022-10-12 21:58:10,78.2186,15.6401,33.64,75,75,3.44
77,Aklavik,CA,2022-10-12 21:58:11,68.2191,-135.0107,27.84,72,31,1.23
78,Bambous Virieux,MU,2022-10-12 21:58:11,-20.3428,57.7575,71.85,78,40,9.22
79,Tuktoyaktuk,CA,2022-10-12 21:58:12,69.4541,-133.0374,32.0,74,40,12.66
80,Sao Filipe,CV,2022-10-12 21:58:12,14.8961,-24.4956,79.56,81,25,5.41
81,Pacifica,US,2022-10-12 21:56:13,37.6138,-122.4869,77.83,82,100,8.99
82,Kruisfontein,ZA,2022-10-12 21:58:13,-34.0033,24.7314,63.88,97,100,0.56
83,Biak,ID,2022-10-12 21:58:13,-0.9131,122.8766,75.18,85,76,3.49
84,Bethel,US,2022-10-12 21:57:03,41.3712,-73.414,64.36,63,83,7.87
85,Wawa,NG,2022-10-12 21:59:14,9.9022,4.4192,76.64,72,72,2.28
86,Port Elizabeth,ZA,2022-10-12 21:59:15,-33.918,25.5701,66.49,96,40,11.99
87,Arraial Do Cabo,BR,2022-10-12 21:59:15,-22.9661,-42.0278,73.26,88,75,9.22
88,Te Anau,NZ,2022-10-12 21:59:16,-45.4167,167.7167,48.85,61,39,2.15
89,Zhigansk,RU,2022-10-12 21:59:16,66.7697,123.3711,25.81,94,99,14.99
90,Faanui,PF,2022-10-12 21:59:17,-16.4833,-151.75,78.44,76,14,13.87
91,Cherskiy,RU,2022-10-12 21:59:17,68.75,161.3,8.33,89,100,5.93
92,Celestun,MX,2022-10-12 21:59:18,20.8667,-90.4,82.62,77,99,8.57
93,Dunedin,NZ,2022-10-12 21:56:04,-45.8742,170.5036,50.81,64,66,5.01
94,Kamen-Rybolov,RU,2022-10-12 21:59:18,44.7481,132.0403,43.84,87,100,9.53
95,Haines Junction,CA,2022-10-12 21:59:19,60.7522,-137.5108,33.75,86,100,1.14
96,Lompoc,US,2022-10-12 21:59:20,34.6391,-120.4579,80.02,78,4,5.01
97,Chokurdakh,RU,2022-10-12 21:59:20,70.6333,147.9167,1.04,90,56,5.01
98,Bathsheba,BB,2022-10-12 21:59:21,13.2167,-59.5167,84.81,74,40,14.97
99,Bergen,NO,2022-10-12 21:59:21,60.392,5.328,52.14,93,75,18.41
100,Kapaa,US,2022-10-12 21:59:22,22.0752,-159.319,79.11,86,100,4.0
101,Ust-Ishim,RU,2022-10-12 21:59:23,57.6935,71.1665,35.67,93,18,4.12
102,Havelock,US,2022-10-12 21:59:23,34.8791,-76.9013,75.94,66,95,4.5
103,Nikolskoye,RU,2022-10-12 21:59:24,59.7035,30.7861,38.91,88,35,3.47
104,Marawi,PH,2022-10-12 21:59:24,7.9986,124.2928,69.17,92,100,3.51
105,Hamilton,US,2022-10-12 21:59:25,39.1834,-84.5333,77.77,57,99,1.99
106,Penzance,GB,2022-10-12 21:59:25,50.1186,-5.5371,57.88,88,100,1.5
107,Norman Wells,CA,2022-10-12 21:59:26,65.282,-126.8329,30.24,74,75,2.3
108,Banda Aceh,ID,2022-10-12 21:59:26,5.5577,95.3222,78.19,81,96,9.26
109,Nizhniy Kuranakh,RU,2022-10-12 21:59:27,58.8353,125.4869,35.42,97,100,7.49
110,Gazanjyk,TM,2022-10-12 21:59:27,39.2446,55.5154,62.47,58,1,3.85
111,Holguin,CU,2022-10-12 21:59:28,20.8872,-76.2631,80.65,77,99,11.16
112,Kasempa,ZM,2022-10-12 21:59:29,-13.4584,25.8338,72.3,29,33,7.49
113,Cap-Aux-Meules,CA,2022-10-12 21:59:29,47.3821,-61.8597,51.85,71,0,8.05
114,Tommot,RU,2022-10-12 21:59:30,58.9564,126.2925,35.42,98,100,7.9
115,Ambilobe,MG,2022-10-12 21:59:30,-13.2,49.05,66.78,81,2,4.14
116,Coahuayana,MX,2022-10-12 21:59:31,18.7333,-103.6833,85.78,74,99,5.08
117,Henties Bay,NA,2022-10-12 21:59:31,-22.116,14.2845,58.71,91,81,10.02
118,Inirida,CO,2022-10-12 21:59:32,3.8653,-67.9239,78.24,90,66,2.77
119,Codrington,AU,2022-10-12 21:59:32,-38.2667,141.9667,51.66,95,100,6.13
120,Bredasdorp,ZA,2022-10-12 21:59:33,-34.5322,20.0403,59.31,97,100,2.21
121,Husavik,IS,2022-10-12 21:59:33,66.0449,-17.3389,39.78,75,100,7.83
122,Mount Gambier,AU,2022-10-12 21:59:34,-37.8333,140.7667,53.51,94,100,8.05
123,Minab,IR,2022-10-12 21:59:34,27.1467,57.0801,81.34,37,0,0.78
124,Svetlogorsk,BY,2022-10-12 21:59:35,52.6333,29.7333,47.77,73,100,4.52
125,Thompson,CA,2022-10-12 21:59:35,55.7435,-97.8558,37.56,93,100,18.41
126,Boa Vista,BR,2022-10-12 21:57:27,2.8197,-60.6733,87.78,51,20,4.61
127,Touros,BR,2022-10-12 21:59:36,-5.1989,-35.4608,77.94,80,62,17.92
128,Sorland,NO,2022-10-12 21:59:36,67.667,12.6934,49.86,95,100,31.29
129,Pombas,CV,2022-10-12 21:59:37,17.1503,-25.0201,78.58,80,28,14.92
130,Payerne,CH,2022-10-12 21:59:38,46.822,6.9361,56.71,92,2,1.99
131,Barrow,US,2022-10-12 22:00:38,71.2906,-156.7887,30.22,80,75,16.11
132,Fortuna,US,2022-10-12 22:00:39,40.5982,-124.1573,63.52,77,0,13.8
133,Tateyama,JP,2022-10-12 22:00:39,34.9833,139.8667,62.1,89,100,20.36
134,Galveston,US,2022-10-12 22:00:40,29.3669,-94.9669,90.05,78,44,7.0
135,Asau,RO,2022-10-12 22:00:40,46.4333,26.4,51.28,94,91,1.03
136,Pizhanka,RU,2022-10-12 22:00:41,57.4604,48.542,44.89,95,100,3.74
137,Iqaluit,CA,2022-10-12 22:00:15,63.7506,-68.5145,18.57,85,41,4.52
138,Iglino,RU,2022-10-12 22:00:42,54.8324,56.4126,50.09,51,100,6.44
139,Zabaykalsk,RU,2022-10-12 22:00:42,49.6333,117.3167,35.46,58,0,5.17
140,Praia,CV,2022-10-12 22:00:43,14.9215,-23.5087,78.71,84,22,10.65
141,Tiksi,RU,2022-10-12 22:00:44,71.6872,128.8694,19.63,87,100,8.59
142,Ovalle,CL,2022-10-12 22:00:44,-30.5983,-71.2003,74.57,38,0,5.19
143,Avera,US,2022-10-12 22:00:46,33.194,-82.5271,75.25,91,100,3.6
144,Guiratinga,BR,2022-10-12 22:00:46,-16.3494,-53.7583,81.16,46,100,2.77
145,Blagoyevo,RU,2022-10-12 22:00:47,63.3667,47.9167,40.8,93,100,3.15
146,Zuwarah,LY,2022-10-12 22:00:48,32.9312,12.082,78.49,72,6,13.13
147,Sierpc,PL,2022-10-12 22:00:49,52.8568,19.6691,46.83,73,6,4.99
148,Saint-Pierre,RE,2022-10-12 22:00:49,-21.3393,55.4781,73.56,64,0,2.3
149,Oakdale,US,2022-10-12 22:00:50,44.963,-92.9649,51.35,74,75,9.22
150,Broken Hill,AU,2022-10-12 22:00:51,-31.95,141.4333,62.4,82,97,6.93
151,Kamloops,CA,2022-10-12 22:00:51,50.6665,-120.3192,68.76,36,43,1.5
152,Maceio,BR,2022-10-12 22:00:17,-9.6658,-35.7353,75.96,82,99,13.76
153,Khatanga,RU,2022-10-12 22:00:52,71.9667,102.5,29.41,98,100,6.38
154,Namibe,AO,2022-10-12 22:00:53,-15.1961,12.1522,68.58,88,51,3.78
155,Marsa Matruh,EG,2022-10-12 22:00:54,31.3525,27.2453,73.13,71,25,11.32
156,Kita,ML,2022-10-12 22:00:54,13.0349,-9.4895,78.78,61,49,2.15
157,Tautira,PF,2022-10-12 22:00:55,-17.7333,-149.15,76.57,81,49,14.56
158,Nouadhibou,MR,2022-10-12 22:00:56,20.931,-17.0347,73.6,70,71,22.46
159,Nizhniy Odes,RU,2022-10-12 22:00:56,63.6445,54.856,37.9,89,100,4.16
160,Granada,ES,2022-10-12 22:00:57,37.25,-3.25,56.46,79,73,3.65
161,Rincon,US,2022-10-12 21:57:04,32.296,-81.2354,76.96,89,100,8.84
162,Kropotkin,RU,2022-10-12 22:00:58,45.4375,40.5756,50.76,65,73,2.68
163,Amarante Do Maranhao,BR,2022-10-12 22:00:58,-5.5667,-46.7422,84.97,25,7,3.6
164,Mwinilunga,ZM,2022-10-12 22:00:59,-11.7358,24.4293,72.36,33,95,2.15
165,Garden City,US,2022-10-12 21:56:30,42.3256,-83.331,71.51,60,97,5.99
166,Fort Smith,US,2022-10-12 21:59:55,35.3859,-94.3986,87.04,28,47,8.99
167,Nueva Loja,EC,2022-10-12 22:01:00,0.0847,-76.8828,86.81,57,85,2.44
168,Luanda,AO,2022-10-12 21:58:24,-8.8368,13.2343,75.2,88,20,9.22
169,Guerrero Negro,MX,2022-10-12 22:01:01,27.9769,-114.0611,73.78,68,24,15.39
170,Salalah,OM,2022-10-12 22:01:01,17.0151,54.0924,75.74,75,38,2.37
171,Vanimo,PG,2022-10-12 22:01:02,-2.6741,141.3028,76.17,93,100,5.44
172,Agidel,RU,2022-10-12 22:01:02,55.9077,53.9355,49.66,70,100,4.03
173,Tura,IN,2022-10-12 22:01:03,25.5198,90.2201,70.3,98,100,2.44
174,Saint-Louis,SN,2022-10-12 22:01:03,16.3333,-15.0,92.41,36,100,9.53
175,Upernavik,GL,2022-10-12 22:01:04,72.7868,-56.1549,13.46,79,2,6.67
176,Kongolo,CD,2022-10-12 22:01:04,-5.3833,27.0,73.04,67,92,1.21
177,Natal,BR,2022-10-12 22:07:30,-5.795,-35.2094,79.45,83,40,9.22
178,Storforshei,NO,2022-10-12 22:07:30,66.4043,14.5233,41.67,100,100,0.0
179,Ostersund,SE,2022-10-12 22:07:31,63.1792,14.6357,43.61,75,75,11.5
180,Santa Cruz De Tenerife,ES,2022-10-12 22:07:32,28.4682,-16.2546,75.29,85,40,12.66
181,Aswan,EG,2022-10-12 22:07:32,24.0934,32.907,78.57,31,0,13.94
182,San Severino Marche,IT,2022-10-12 22:07:32,43.2281,13.1802,65.98,91,100,0.78
183,Puerto Madero,MX,2022-10-12 22:07:33,14.7208,-92.4215,84.4,89,100,9.22
184,Hambantota,LK,2022-10-12 22:07:33,6.1241,81.1185,77.34,94,40,0.0
185,Vao,NC,2022-10-12 22:07:34,-22.6667,167.4833,71.08,71,24,18.45
186,Cayenne,GF,2022-10-12 22:07:34,4.9333,-52.3333,77.04,88,40,0.0
187,Hilo,US,2022-10-12 22:07:35,19.7297,-155.09,92.28,62,0,5.75
188,Dali,CN,2022-10-12 22:03:25,25.7,100.1833,59.81,93,89,1.86
189,Palembang,ID,2022-10-12 22:07:35,-2.9167,104.7458,75.29,94,75,3.44
190,At-Bashi,KG,2022-10-12 22:07:36,41.1702,75.8106,39.43,45,0,1.99
191,Bluff,NZ,2022-10-12 22:07:36,-46.6,168.3333,48.49,61,99,3.49
192,Sharlyk,RU,2022-10-12 22:07:37,52.9167,54.75,48.61,86,100,2.55
193,Mapiripan,CO,2022-10-12 22:07:37,2.8892,-72.1256,82.42,73,100,1.99
194,Goure,NE,2022-10-12 22:07:38,13.9835,10.2704,87.21,24,60,8.21
195,Kaitangata,NZ,2022-10-12 22:07:38,-46.2817,169.8464,49.86,58,94,5.79
196,Ndele,CF,2022-10-12 22:07:39,8.4109,20.6473,71.17,91,54,2.53
197,Paka,MY,2022-10-12 22:07:40,4.6374,103.4368,76.8,90,100,6.44
198,Vilyuysk,RU,2022-10-12 22:07:40,63.7553,121.6247,33.37,99,100,6.51
199,Takhtamygda,RU,2022-10-12 22:07:41,54.1,123.5667,28.69,92,10,0.56
200,Gizo,SB,2022-10-12 22:07:41,-8.103,156.8419,82.49,72,100,4.56
201,Montevideo,UY,2022-10-12 22:03:37,-34.8335,-56.1674,68.02,49,0,5.75
202,Brae,GB,2022-10-12 22:07:42,60.3964,-1.353,48.07,70,33,12.62
203,Antofagasta,CL,2022-10-12 22:03:13,-23.65,-70.4,60.08,76,16,5.5
204,Akdepe,TM,2022-10-12 22:07:42,42.0551,59.3788,61.86,32,35,7.58
205,Navrongo,GH,2022-10-12 22:07:43,10.8956,-1.0921,81.18,56,1,3.11
206,Ilulissat,GL,2022-10-12 22:04:00,69.2167,-51.1,28.42,74,100,5.75
207,Moose Factory,CA,2022-10-12 22:07:43,51.2585,-80.6094,60.4,76,100,13.38
208,Coquimbo,CL,2022-10-12 22:07:44,-29.9533,-71.3436,60.53,77,0,12.66
209,Tuatapere,NZ,2022-10-12 22:07:44,-46.1333,167.6833,48.42,63,99,2.19
210,Eseka,CM,2022-10-12 22:07:45,3.65,10.7667,71.8,100,99,1.36
211,Ponta Do Sol,PT,2022-10-12 22:07:45,32.6667,-17.1,72.72,71,43,4.99
212,Leh,IN,2022-10-12 22:07:46,34.1667,77.5833,40.87,48,80,4.27
213,Kingman,US,2022-10-12 22:07:46,35.1894,-114.053,88.12,12,20,4.0
214,Comodoro Rivadavia,AR,2022-10-12 22:07:47,-45.8667,-67.5,51.66,24,40,16.11
215,Safranbolu,TR,2022-10-12 22:07:47,41.2508,32.6942,54.1,84,93,0.89
216,Carutapera,BR,2022-10-12 22:07:48,-1.195,-46.02,79.59,79,100,8.63
217,Tigil,RU,2022-10-12 22:07:49,57.8,158.6667,36.84,80,100,3.8
218,Yumaguzino,RU,2022-10-12 22:07:49,52.9041,56.3933,50.99,54,100,10.45
219,Bonthe,SL,2022-10-12 22:07:50,7.5264,-12.505,75.65,86,100,7.18
220,San Vicente,AR,2022-10-12 22:07:50,-26.6167,-54.1333,58.71,87,96,1.92
221,Victoria,HK,2022-10-12 22:06:53,22.2855,114.1577,76.32,57,12,11.99
222,Little Current,CA,2022-10-12 22:07:51,45.9793,-81.9248,59.41,76,98,21.92
223,Pevek,RU,2022-10-12 22:08:51,69.7008,170.3133,18.01,85,74,10.83
224,Puerto Ayacucho,VE,2022-10-12 22:08:52,5.6639,-67.6236,81.75,79,88,3.36
225,Kununurra,AU,2022-10-12 22:05:53,-15.7667,128.7333,80.58,89,75,0.0
226,Yellowknife,CA,2022-10-12 22:08:37,62.456,-114.3525,33.82,65,71,17.43
227,Buin,CL,2022-10-12 22:08:53,-33.7333,-70.75,75.87,42,33,7.9
228,Minuri,PH,2022-10-12 22:08:54,16.535,121.8574,72.57,99,100,0.98
229,Mecca,SA,2022-10-12 22:08:55,21.4267,39.8261,81.03,60,2,1.81
230,Skjervoy,NO,2022-10-12 22:08:55,70.0311,20.9714,37.4,89,95,12.73
231,Hun,LY,2022-10-12 22:08:56,29.1268,15.9477,79.14,25,9,9.08
232,Levelland,US,2022-10-12 22:08:56,33.5873,-102.378,78.19,25,0,5.99
233,Trinidad,BO,2022-10-12 22:08:57,-14.8333,-64.9,82.38,69,40,0.0
234,Stratham,US,2022-10-12 22:08:51,43.024,-70.9137,67.21,68,75,6.91
235,Auki,SB,2022-10-12 22:08:57,-8.7676,160.7034,82.65,71,100,1.7
236,Pirapora,BR,2022-10-12 22:08:58,-17.345,-44.9419,83.52,25,14,7.2
237,Mocuba,MZ,2022-10-12 22:08:58,-16.8392,36.9856,70.54,87,0,2.91
238,Virginia Beach,US,2022-10-12 22:07:44,36.8529,-75.978,72.01,70,75,9.22
239,Beloha,MG,2022-10-12 22:08:59,-25.1667,45.05,68.92,82,0,3.27
240,Shannon,IE,2022-10-12 22:08:59,52.7039,-8.8642,51.8,87,0,2.3
241,Lubango,AO,2022-10-12 22:09:00,-14.9172,13.4925,62.4,72,11,2.73
242,Pundaguitan,PH,2022-10-12 22:09:00,6.3711,126.1689,82.53,75,90,11.45
243,Genhe,CN,2022-10-12 22:09:01,50.7833,121.5167,29.26,78,7,3.0
244,Bingol,TR,2022-10-12 22:09:01,38.8847,40.4939,61.14,28,100,2.21
245,Port Moresby,PG,2022-10-12 22:09:02,-9.4431,147.1797,79.47,77,91,2.93
246,Obera,AR,2022-10-12 22:09:02,-27.4871,-55.1199,59.2,88,19,2.71
247,Vanavara,RU,2022-10-12 22:09:03,60.34,102.2797,33.17,90,100,6.62
248,Kloulklubed,PW,2022-10-12 22:09:03,7.0419,134.2556,82.78,76,100,19.06
249,Vestmannaeyjar,IS,2022-10-12 22:09:04,63.4427,-20.2734,45.66,80,97,18.12
250,Algonquin,US,2022-10-12 22:09:04,42.1656,-88.2943,60.39,70,50,5.01
251,Alekseyevskoye,RU,2022-10-12 22:09:05,55.3071,50.1135,48.99,85,94,3.91
252,Nome,US,2022-10-12 22:09:05,64.5011,-165.4064,33.87,75,100,5.75
253,Ulladulla,AU,2022-10-12 22:09:06,-35.35,150.4667,63.12,70,88,12.59
254,Punta De Bombon,PE,2022-10-12 22:09:06,-17.1717,-71.7931,61.68,75,38,6.71
255,Zhezkazgan,KZ,2022-10-12 22:09:07,47.8043,67.7144,50.61,24,100,8.39
256,Klamath Falls,US,2022-10-12 22:04:22,42.2249,-121.7817,80.96,26,0,5.75
257,Otradnoye,RU,2022-10-12 22:09:08,59.7775,30.8181,37.45,87,36,3.36
258,Kangaatsiaq,GL,2022-10-12 22:06:17,68.3065,-53.4641,31.93,84,100,21.81
259,Clyde River,CA,2022-10-12 22:09:08,70.4692,-68.5914,14.61,84,38,7.34
260,Porto Novo,BJ,2022-10-12 22:06:55,6.4965,2.6036,76.87,89,11,3.96
261,Sechura,PE,2022-10-12 22:09:09,-5.5569,-80.8222,71.6,61,11,19.3
262,Morant Bay,JM,2022-10-12 22:09:09,17.8815,-76.4093,84.7,76,77,8.43
263,Ostrovnoy,RU,2022-10-12 22:09:10,68.0531,39.5131,41.14,83,100,14.2
264,Biltine,TD,2022-10-12 22:09:11,14.5333,20.9167,86.41,22,2,7.56
265,Mattawa,US,2022-10-12 22:09:11,46.7379,-119.9028,80.02,28,86,2.62
266,Itaituba,BR,2022-10-12 22:09:12,-4.2761,-55.9836,77.11,80,71,2.28
267,Metapan,SV,2022-10-12 22:10:12,14.3333,-89.45,89.56,87,93,1.19
268,Caloundra,AU,2022-10-12 22:10:13,-26.8,153.1333,67.89,84,35,14.99
269,Ojinaga,MX,2022-10-12 22:10:14,29.5667,-104.4167,89.56,35,0,10.36
270,Sarangani,PH,2022-10-12 22:10:15,5.4033,125.4636,83.57,75,90,14.85
271,Santa Maria,BR,2022-10-12 22:10:15,-29.6842,-53.8069,62.65,69,12,0.63
272,Pirdop,BG,2022-10-12 22:10:16,42.7,24.1833,44.67,89,92,1.83
273,Bud,US,2022-10-12 22:10:16,39.447,-86.1758,69.22,73,100,16.13
274,Meadow Lake,US,2022-10-12 22:10:17,34.8014,-106.5436,79.79,25,0,6.62
275,Ahuimanu,US,2022-10-12 22:10:17,21.4447,-157.8378,86.16,68,75,9.22
276,Egvekinot,RU,2022-10-12 22:10:18,66.3167,-179.1667,15.4,70,20,2.93
277,Urengoy,RU,2022-10-12 22:10:18,65.9667,78.3667,32.07,84,56,7.74
278,Moron,AR,2022-10-12 22:10:19,-34.6534,-58.6198,79.02,22,55,6.44
279,Tias,ES,2022-10-12 22:10:19,28.9611,-13.645,69.48,78,20,8.05
280,Alice Springs,AU,2022-10-12 22:10:10,-23.7,133.8833,56.75,72,75,12.66
281,Sistranda,NO,2022-10-12 22:10:20,63.7256,8.834,48.16,68,100,7.78
282,Berlevag,NO,2022-10-12 22:10:21,70.8578,29.0864,42.8,75,100,16.11
283,Alyangula,AU,2022-10-12 22:10:21,-13.8483,136.4192,78.67,94,40,0.0
284,Mollendo,PE,2022-10-12 22:05:52,-17.0231,-72.0147,61.56,78,60,6.42
285,Lebedinyy,RU,2022-10-12 22:10:22,58.5167,125.5167,30.33,97,100,5.99
286,Hals,DK,2022-10-12 22:10:22,56.9961,10.3081,49.96,89,99,12.19
287,Ottawa,CA,2022-10-12 22:06:40,45.4112,-75.6981,67.23,61,100,7.38
288,Maltahohe,NA,2022-10-12 22:10:23,-24.8333,16.9833,73.94,30,77,5.77
289,Antalaha,MG,2022-10-12 22:10:23,-14.9003,50.2788,66.06,84,0,7.07
290,Torbay,CA,2022-10-12 22:10:24,47.6666,-52.7314,51.49,80,79,1.99
291,Matai,TZ,2022-10-12 22:10:25,-8.3,31.5167,62.24,32,0,8.25
292,Mayo,US,2022-10-12 22:10:25,38.8876,-76.5119,69.19,77,0,10.36
293,Cabedelo,BR,2022-10-12 22:10:26,-6.9811,-34.8339,79.47,78,70,17.07
294,Havre-Saint-Pierre,CA,2022-10-12 22:10:26,50.2334,-63.5986,44.53,90,64,7.92
295,Kasulu,TZ,2022-10-12 22:10:27,-4.5767,30.1025,67.55,45,53,1.41
296,Umm Lajj,SA,2022-10-12 22:10:27,25.0213,37.2685,82.6,58,0,9.6
297,Faya,SA,2022-10-12 22:10:28,18.3851,42.4509,59.52,23,29,5.59
298,Dogondoutchi,NE,2022-10-12 22:10:28,13.6393,4.0287,89.29,20,5,7.07
299,Padang,ID,2022-10-12 22:10:29,-0.9492,100.3543,75.76,85,98,2.46
300,Wyszkow,PL,2022-10-12 22:10:29,52.5928,21.4584,52.11,68,55,3.4
301,Caravelas,BR,2022-10-12 22:10:30,-17.7125,-39.2481,74.68,76,10,6.73
302,Muli,MV,2022-10-12 22:10:31,2.9167,73.5667,79.86,80,100,19.3
303,Aloleng,PH,2022-10-12 22:10:31,16.1307,119.7824,79.56,82,100,5.93
304,Along,IN,2022-10-12 22:10:32,28.1667,94.7667,69.78,99,100,0.36
305,Dodge City,US,2022-10-12 22:10:32,37.7528,-100.0171,79.23,21,0,12.66
306,Laguna,US,2022-10-12 22:05:35,38.421,-121.4238,90.09,40,0,8.05
307,Ketchikan,US,2022-10-12 22:09:51,55.3422,-131.6461,55.87,76,100,5.75
308,Calvinia,ZA,2022-10-12 22:10:33,-31.4707,19.776,70.66,29,99,1.88
309,Novaya Lyalya,RU,2022-10-12 22:10:34,59.055,60.599,43.11,88,100,4.97
310,Dubna,RU,2022-10-12 22:10:34,56.7333,37.1667,41.97,84,93,6.51
311,Khuldabad,IN,2022-10-12 22:10:35,20.05,75.1833,69.91,85,99,5.41
312,Honningsvag,NO,2022-10-12 22:10:35,70.9821,25.9704,42.55,75,40,25.32
313,Port Lincoln,AU,2022-10-12 22:10:36,-34.7333,135.8667,55.44,72,35,14.14
314,Flinders,AU,2022-10-12 22:10:36,-34.5833,150.8552,65.05,81,85,8.99
315,Dwarka,IN,2022-10-12 22:10:37,22.2394,68.9678,82.08,67,64,12.39
316,Richards Bay,ZA,2022-10-12 22:10:37,-28.783,32.0377,72.36,84,90,8.66
317,Keetmanshoop,NA,2022-10-12 22:14:24,-26.5833,18.1333,79.07,25,99,3.31
318,Gigmoto,PH,2022-10-12 22:16:32,13.7796,124.39,79.81,83,100,1.1
319,Olafsvik,IS,2022-10-12 22:16:33,64.8945,-23.7142,39.31,93,89,6.15
320,Pangody,RU,2022-10-12 22:16:33,65.85,74.4859,35.8,88,95,5.75
321,Koumac,NC,2022-10-12 22:16:34,-20.5667,164.2833,77.31,67,0,15.26
322,Sola,VU,2022-10-12 22:16:35,-13.8833,167.55,74.07,94,65,5.75
323,Sovetskiy,RU,2022-10-12 22:16:35,61.3614,63.5842,36.88,96,82,5.41
324,Sioux Lookout,CA,2022-10-12 22:16:36,50.1001,-91.917,44.67,65,100,12.66
325,Jinchang,CN,2022-10-12 22:16:36,38.4953,102.1739,50.34,39,100,7.54
326,College,US,2022-10-12 22:16:37,64.8569,-147.8028,29.59,84,75,8.05
327,Katsuura,JP,2022-10-12 22:16:37,35.1333,140.3,67.21,91,100,19.51
328,Cockburn Town,TC,2022-10-12 22:14:12,21.4612,-71.1419,82.45,75,74,16.58
329,Bend,US,2022-10-12 22:14:02,44.0582,-121.3153,83.46,22,0,8.05
330,Cristinapolis,BR,2022-10-12 22:16:38,-11.4756,-37.7553,69.35,83,42,4.16
331,Yar-Sale,RU,2022-10-12 22:16:39,66.8333,70.8333,37.53,83,87,7.2
332,Atkarsk,RU,2022-10-12 22:16:39,51.8718,45.0078,47.28,90,100,12.33
333,Guanica,PR,2022-10-12 22:16:39,17.9716,-66.908,83.95,86,29,7.09
334,Talcahuano,CL,2022-10-12 22:16:40,-36.7167,-73.1167,56.88,62,20,21.85
335,Praia Da Vitoria,PT,2022-10-12 22:16:40,38.7333,-27.0667,72.75,88,20,7.29
336,Kalmunai,LK,2022-10-12 22:16:41,7.4167,81.8167,78.26,86,62,6.76
337,Taoudenni,ML,2022-10-12 22:14:48,22.6783,-3.9836,93.54,18,94,7.78
338,Ucluelet,CA,2022-10-12 22:15:59,48.9329,-125.5528,67.08,62,5,1.01
339,Severo-Kurilsk,RU,2022-10-12 22:16:42,50.6789,156.125,43.72,83,100,38.34
340,Berezovka,BY,2022-10-12 22:16:42,53.7214,25.4993,43.74,94,55,4.43
341,Hammonton,US,2022-10-12 22:13:24,39.6365,-74.8024,67.78,78,90,8.43
342,Kibala,TD,2022-10-12 22:16:43,9.1104,18.3463,71.1,95,27,0.72
343,Oranjestad,AW,2022-10-12 22:16:43,12.524,-70.027,84.15,83,20,17.27
344,Anori,BR,2022-10-12 22:16:44,-3.7728,-61.6442,82.31,62,85,1.79
345,Benidorm,ES,2022-10-12 22:16:45,38.5382,-0.131,69.42,73,91,8.16
346,Baculin,PH,2022-10-12 22:16:45,7.4525,126.5842,78.24,82,100,3.65
347,Necochea,AR,2022-10-12 22:16:46,-38.5473,-58.7368,54.05,66,57,1.83
348,Leshukonskoye,RU,2022-10-12 22:16:46,64.8989,45.7622,38.39,96,94,4.12
349,Sergeyevka,KZ,2022-10-12 22:16:46,53.88,67.4158,47.07,57,100,7.31
350,Kahului,US,2022-10-12 22:16:47,20.8947,-156.47,87.82,67,40,8.99
351,Otofuke,JP,2022-10-12 22:16:47,42.9917,143.2003,45.19,80,0,1.92
352,Aquiraz,BR,2022-10-12 22:16:48,-3.9014,-38.3911,81.18,83,21,13.49
353,Matara,LK,2022-10-12 22:16:48,5.9485,80.5353,77.27,86,100,9.13
354,Yashkino,RU,2022-10-12 22:16:49,55.8736,85.4265,35.56,87,70,4.38
355,Natalio,PY,2022-10-12 22:16:49,-26.7167,-55.0833,61.34,87,20,1.12
356,Ngunguru,NZ,2022-10-12 22:16:50,-35.6167,174.5,59.99,65,100,9.13
357,Portland,US,2022-10-12 22:13:06,45.5234,-122.6762,83.44,44,20,8.05
358,The Valley,AI,2022-10-12 22:12:24,18.217,-63.0578,82.81,78,20,8.05
359,Lebu,CL,2022-10-12 22:16:51,-37.6167,-73.65,51.57,79,33,15.5
360,Kuybyshevo,RU,2022-10-12 22:16:51,47.8123,38.9073,48.22,48,1,3.91
361,Moses Lake,US,2022-10-12 22:13:20,47.1301,-119.2781,81.88,24,0,4.61
362,Ponta Delgada,PT,2022-10-12 22:17:52,37.7333,-25.6667,70.52,73,75,4.61
363,Cururupu,BR,2022-10-12 22:17:52,-1.8283,-44.8683,78.75,80,72,6.17
364,Kautokeino,NO,2022-10-12 22:17:53,69.0125,23.0412,32.32,78,8,7.76
365,Souillac,MU,2022-10-12 22:17:53,-20.5167,57.5167,71.98,78,75,11.5
366,Kumluca,TR,2022-10-12 22:17:54,36.3703,30.2869,70.86,68,6,4.29
367,Kannabe,JP,2022-10-12 22:17:54,34.5333,133.3833,63.03,76,0,3.76
368,Tondano,ID,2022-10-12 22:17:55,1.3038,124.9112,68.09,89,99,0.94
369,Mahajanga,MG,2022-10-12 22:17:55,-15.7167,46.3167,69.82,88,0,2.3
370,Keti Bandar,PK,2022-10-12 22:17:56,24.1447,67.4497,79.25,58,0,9.75
371,Ntungamo,UG,2022-10-12 22:17:57,-0.8833,29.65,63.01,95,99,3.0
372,Yenagoa,NG,2022-10-12 22:17:57,4.9247,6.2642,74.86,89,78,3.2
373,Almonte,ES,2022-10-12 22:17:58,37.2647,-6.5167,72.88,75,18,7.18
374,Kavieng,PG,2022-10-12 22:17:58,-2.5744,150.7967,82.6,73,100,7.43
375,Mumford,GH,2022-10-12 22:17:59,5.2618,-0.759,77.22,88,46,8.57
376,Sorong,ID,2022-10-12 22:14:38,-0.8833,131.25,78.6,87,38,7.56
377,Wajima,JP,2022-10-12 22:14:38,37.4,136.9,62.55,68,1,13.78
378,Uporovo,RU,2022-10-12 22:18:00,56.3109,66.2693,46.51,74,100,7.54
379,Prince Rupert,CA,2022-10-12 22:13:48,54.3161,-130.3201,59.04,68,98,3.15
380,Tamandare,BR,2022-10-12 22:18:00,-8.7597,-35.1047,75.07,84,69,8.75
381,Broome,US,2022-10-12 22:18:01,42.2506,-75.833,65.19,66,0,9.22
382,Koutiala,ML,2022-10-12 22:18:01,12.3917,-5.4642,80.47,56,92,7.34
383,Grindavik,IS,2022-10-12 22:18:02,63.8424,-22.4338,39.67,87,100,12.66
384,Jawhar,SO,2022-10-12 22:18:02,2.7809,45.5005,74.97,84,24,11.16
385,Oksfjord,NO,2022-10-12 22:18:03,70.2396,22.3479,42.98,94,96,8.08
386,Nabire,ID,2022-10-12 22:18:03,-3.3667,135.4833,77.45,88,100,2.19
387,Birjand,IR,2022-10-12 22:18:04,32.8663,59.2211,52.27,19,0,6.91
388,La Rochelle,FR,2022-10-12 22:18:04,46.1667,-1.15,59.07,94,100,3.44
389,Boquira,BR,2022-10-12 22:18:05,-12.8231,-42.7306,79.84,34,9,6.91
390,Tevaitoa,PF,2022-10-12 22:18:06,-16.7833,-151.5,78.39,77,13,16.28
391,Gazojak,TM,2022-10-12 22:18:06,41.1875,61.4036,64.9,43,7,8.34
392,Paita,PE,2022-10-12 22:18:07,-5.0892,-81.1144,65.46,78,9,19.08
393,Ornskoldsvik,SE,2022-10-12 22:16:10,63.2909,18.7153,32.95,100,97,0.0
394,Chuy,UY,2022-10-12 22:16:02,-33.6971,-53.4616,59.67,67,0,6.22
395,Naze,JP,2022-10-12 22:17:18,28.3667,129.4833,76.12,78,83,21.88
396,Valdivia,CL,2022-10-12 22:18:08,-39.8142,-73.2459,51.89,62,9,7.09
397,Dubti,ET,2022-10-12 22:18:09,11.7361,41.0853,88.27,33,7,10.18
398,Mareeba,AU,2022-10-12 22:18:09,-17.0,145.4333,77.43,76,30,6.49
399,Port Augusta,AU,2022-10-12 22:18:10,-32.5,137.7667,53.01,85,100,4.63
400,Kutum,SD,2022-10-12 22:18:10,14.2,24.6667,78.48,26,69,14.16
401,Lavrentiya,RU,2022-10-12 22:18:10,65.5833,-171.0,27.21,54,20,4.12
402,Bonavista,CA,2022-10-12 22:18:11,48.6499,-53.1147,48.16,73,43,8.48
403,Parainen,FI,2022-10-12 22:18:12,60.3067,22.301,48.88,70,13,11.5
404,Kilindoni,TZ,2022-10-12 22:18:12,-7.9139,39.6668,75.74,72,2,13.69
405,Margate,GB,2022-10-12 22:18:13,51.3813,1.3862,56.88,82,100,3.0
406,Andenes,NO,2022-10-12 22:18:13,69.3143,16.1194,42.93,81,75,10.36
407,Axim,GH,2022-10-12 22:18:14,4.8699,-2.2405,76.69,87,26,6.85
408,Tecoanapa,MX,2022-10-12 22:19:15,16.5167,-98.75,83.14,74,83,6.49
409,Newton,US,2022-10-12 22:16:27,42.337,-71.2092,68.05,49,0,11.5
410,Ancud,CL,2022-10-12 22:17:32,-41.8697,-73.8203,46.8,55,50,14.16
411,Camacupa,AO,2022-10-12 22:19:16,-12.0167,17.4833,68.11,44,80,2.68
412,Frontera,MX,2022-10-12 22:19:17,26.9333,-101.45,93.33,35,40,6.91
413,Schroeder,BR,2022-10-12 22:19:17,-26.4125,-49.0731,69.37,98,100,2.01
414,Alofi,NU,2022-10-12 22:19:18,-19.0595,-169.9187,80.49,78,75,10.36
415,Jiazi,CN,2022-10-12 22:19:18,22.8779,116.067,69.66,71,40,14.05
416,De Aar,ZA,2022-10-12 22:19:19,-30.6497,24.0123,74.88,20,94,5.41
417,Miri,MY,2022-10-12 22:19:19,4.4148,114.0089,75.34,94,40,8.05
418,Santa Fe,AR,2022-10-12 22:16:18,-31.6333,-60.7,77.02,26,0,4.0
419,Isla Mujeres,MX,2022-10-12 22:18:39,21.2311,-86.731,84.25,78,99,9.57
420,Saint George,US,2022-10-12 22:15:52,37.1041,-113.5841,88.95,15,0,3.0
421,Qasigiannguit,GL,2022-10-12 22:19:21,68.8193,-51.1922,28.65,93,95,4.41
422,Parabel,RU,2022-10-12 22:19:21,58.6978,81.4825,33.26,93,64,7.65
423,Lasa,IT,2022-10-12 22:19:22,46.6166,10.7002,56.28,90,31,0.78
424,Serebryansk,KZ,2022-10-12 22:19:22,49.6925,83.2892,40.75,52,26,1.57
425,Juneau,US,2022-10-12 22:15:07,58.3019,-134.4197,52.21,97,100,23.02
426,Manggar,ID,2022-10-12 22:17:25,-2.8833,108.2667,77.86,83,98,2.53
427,Hay River,CA,2022-10-12 22:19:23,60.8156,-115.7999,37.38,44,75,13.8
428,Vila Velha,BR,2022-10-12 22:19:23,-20.3297,-40.2925,76.95,78,0,17.27
429,Tessalit,ML,2022-10-12 22:19:24,20.1986,1.0114,86.49,12,0,9.17
430,Nemuro,JP,2022-10-12 22:19:24,43.3236,145.575,54.14,65,1,4.52
431,Vila Franca Do Campo,PT,2022-10-12 22:19:25,37.7167,-25.4333,70.21,81,59,3.09
432,Kargil,IN,2022-10-12 22:19:25,34.5667,76.1,38.39,61,12,5.68
433,Port Pirie,AU,2022-10-12 22:19:26,-33.1833,138.0167,53.55,86,100,6.93
434,Kinna,SE,2022-10-12 22:19:27,57.5073,12.6946,54.75,85,96,6.93
435,Teguldet,RU,2022-10-12 22:19:27,57.3064,88.1667,35.73,92,88,5.61
436,Atbasar,KZ,2022-10-12 22:19:28,51.8,68.3333,46.9,49,99,8.05
437,La Ronge,CA,2022-10-12 22:19:28,55.1001,-105.2842,35.82,55,100,23.02
438,Kondinskoye,RU,2022-10-12 22:18:49,59.6481,67.41,38.12,88,77,5.97
439,Fairbanks,US,2022-10-12 22:19:00,64.8378,-147.7164,29.61,83,100,8.05
440,Santa Cruz,BO,2022-10-12 22:19:30,-17.8,-63.1667,69.85,73,75,5.75
441,Alexandria,EG,2022-10-12 22:19:30,31.2156,29.9553,73.53,67,0,10.25
442,San Angelo,US,2022-10-12 22:15:00,31.4638,-100.437,91.62,31,0,13.8
443,Kamenka,RU,2022-10-12 22:14:47,51.3223,42.7678,42.04,87,72,7.63
444,Novikovo,RU,2022-10-12 22:19:31,51.1537,37.8879,43.36,83,26,5.88
445,Rurrenabaque,BO,2022-10-12 22:19:31,-14.4413,-67.5278,74.86,78,77,1.92
446,Rawson,AR,2022-10-12 22:15:24,-43.3002,-65.1023,53.02,28,58,23.85
447,Saryozek,KZ,2022-10-12 22:19:32,44.3583,77.9753,43.34,38,0,2.37
448,Bichura,RU,2022-10-12 22:19:33,50.5881,107.6022,34.93,68,5,3.8
449,Imbituba,BR,2022-10-12 22:19:33,-28.24,-48.6703,64.35,93,100,5.86
450,Ankara,TR,2022-10-12 22:16:49,39.9199,32.8543,58.21,62,0,1.14
451,New Iberia,US,2022-10-12 22:20:34,30.0035,-91.8187,86.97,62,20,8.05
452,Rio Grande,BR,2022-10-12 22:20:34,-32.035,-52.0986,60.91,83,0,9.75
453,Piranhas,BR,2022-10-12 22:20:35,-16.4269,-51.8222,83.7,41,98,7.99
454,San Cristobal,VE,2022-10-12 22:20:35,7.7669,-72.225,78.17,62,84,3.02
455,Back Mountain,US,2022-10-12 22:20:35,41.3359,-75.9963,63.41,72,100,9.08
456,Sidi Ali,DZ,2022-10-12 22:15:51,36.0998,0.4206,68.85,75,99,9.78
457,Oktyabrskiy,RU,2022-10-12 22:20:36,54.4815,53.471,49.93,78,100,5.55
458,Jonkoping,SE,2022-10-12 22:20:37,57.7814,14.1562,54.39,100,75,4.61
459,Teya,RU,2022-10-12 22:20:37,60.3778,92.6267,33.39,96,99,4.09
460,Awjilah,LY,2022-10-12 22:20:38,29.1081,21.2869,76.89,32,0,5.73
461,Sobolevo,RU,2022-10-12 22:20:38,54.4299,31.8996,44.02,70,89,4.94
462,Mandalgovi,MN,2022-10-12 22:20:38,45.7625,106.2708,35.69,62,0,7.72
463,Felipe Carrillo Puerto,MX,2022-10-12 22:20:39,19.5833,-88.05,84.99,70,89,5.37
464,Terrace,CA,2022-10-12 22:20:39,54.5163,-128.6035,57.11,67,75,2.3
465,Dezful,IR,2022-10-12 22:20:40,32.3811,48.4058,74.98,19,0,2.57
466,Scottsbluff,US,2022-10-12 22:20:40,41.8666,-103.6672,55.29,42,75,20.71
467,Palmer,US,2022-10-12 22:20:41,42.1584,-72.3287,64.81,53,75,14.97
468,Arman,RU,2022-10-12 22:20:41,59.7,150.1667,26.02,82,100,3.33
469,Sigli,ID,2022-10-12 22:20:42,5.3848,95.9609,77.83,83,100,2.93
470,Kapuskasing,CA,2022-10-12 22:20:42,49.4169,-82.4331,57.29,94,100,17.27
471,Waipawa,NZ,2022-10-12 22:20:43,-41.4122,175.5153,46.04,91,100,9.17
472,Koslan,RU,2022-10-12 22:20:43,63.4564,48.8989,40.24,97,100,3.29
473,Balzers,LI,2022-10-12 22:20:43,47.0667,9.5,56.98,97,7,5.44
474,Culpeper,US,2022-10-12 22:18:41,38.5004,-77.9664,69.51,71,100,5.75
475,Pemangkat,ID,2022-10-12 22:20:44,1.1667,108.9667,79.25,80,100,6.96
476,Ponnani,IN,2022-10-12 22:20:45,10.767,75.9252,74.52,88,93,2.91
477,Half Moon Bay,US,2022-10-12 22:20:45,37.4636,-122.4286,78.75,73,100,12.66
478,Marsh Harbour,BS,2022-10-12 22:20:46,26.5412,-77.0636,81.34,76,97,9.62
479,Verkhniy Rohachyk,UA,2022-10-12 22:20:46,47.2505,34.338,50.31,59,21,4.76
480,Sulangan,PH,2022-10-12 22:20:47,11.1373,123.7228,83.07,75,100,5.01
481,Akhisar,TR,2022-10-12 22:20:47,38.9185,27.8401,55.65,81,3,6.06
482,Hokitika,NZ,2022-10-12 22:20:48,-42.7167,170.9667,56.43,57,90,3.44
483,Pacific Grove,US,2022-10-12 22:20:48,36.6177,-121.9166,72.39,85,40,11.5
484,Katangli,RU,2022-10-12 22:20:49,51.7102,143.2326,36.64,84,59,11.77
485,Illescas,ES,2022-10-12 22:20:49,40.1221,-3.847,68.61,70,0,5.59
486,Booue,GA,2022-10-12 22:20:50,-0.0921,11.9385,72.72,97,100,1.72
487,Kasongo-Lunda,CD,2022-10-12 22:20:50,-6.4667,16.8167,69.64,98,93,1.66
488,Kingsport,US,2022-10-12 22:20:51,36.5484,-82.5618,74.59,65,100,9.22
489,Englewood,US,2022-10-12 22:17:42,39.6478,-104.9878,71.24,33,20,14.97
490,San-Pedro,CI,2022-10-12 22:20:51,4.7485,-6.6363,75.83,87,45,5.3
491,Altamirano,MX,2022-10-12 22:20:52,16.8833,-92.15,64.17,97,91,0.78
492,Amahai,ID,2022-10-12 22:20:52,-3.3333,128.9167,78.6,84,91,1.66
493,Kapit,MY,2022-10-12 22:20:53,2.0167,112.9333,72.41,100,99,0.78
494,Canaries,ES,2022-10-12 22:20:53,28.0,-15.5,66.16,73,40,16.11
495,Iberia,US,2022-10-12 22:20:54,29.9502,-91.7507,83.05,69,20,8.05
496,Cheyenne,US,2022-10-12 22:20:38,41.14,-104.8203,50.95,46,0,14.0
497,Tilichiki,RU,2022-10-12 22:20:54,60.4667,166.1,26.19,56,100,13.42
498,Namatanai,PG,2022-10-12 22:20:55,-3.6667,152.4333,82.69,71,90,4.65
499,Kamaishi,JP,2022-10-12 22:20:55,39.2667,141.8833,59.18,74,100,7.27
500,Zaysan,KZ,2022-10-12 22:21:56,47.4667,84.8667,40.95,49,0,4.76
501,Mindelo,CV,2022-10-12 22:21:56,16.8901,-24.9804,78.35,78,20,29.93
502,Bereda,ES,2022-10-12 22:21:57,43.2686,-7.5406,59.41,100,99,0.72
503,Upata,VE,2022-10-12 22:21:57,8.0086,-62.3989,76.19,93,99,4.45
504,Pisco,PE,2022-10-12 22:18:20,-13.7,-76.2167,64.45,68,0,19.57
505,Lahad Datu,MY,2022-10-12 22:21:58,5.0268,118.327,76.21,91,98,1.14
506,Qui Nhon,VN,2022-10-12 22:21:58,13.7667,109.2333,75.65,86,88,13.82
507,Mizan Teferi,ET,2022-10-12 22:21:59,6.9833,35.5833,59.07,94,14,3.44
508,Takoradi,GH,2022-10-12 22:21:59,4.8845,-1.7554,76.5,88,40,8.34
509,Poum,NC,2022-10-12 22:22:00,-20.2333,164.0167,75.83,73,0,14.99
510,Yatou,CN,2022-10-12 22:22:00,37.15,122.3833,52.59,74,4,1.1
511,Ishigaki,JP,2022-10-12 22:22:01,24.3448,124.1572,77.13,88,75,19.57
512,Beitbridge,ZW,2022-10-12 22:19:12,-22.2167,30.0,78.22,24,0,7.36
513,Cap Malheureux,MU,2022-10-12 22:22:02,-19.9842,57.6142,71.47,68,1,5.01
514,Dunmore Town,BS,2022-10-12 22:22:02,25.5,-76.65,82.17,75,42,9.17
515,Saqqez,IR,2022-10-12 22:22:03,36.2499,46.2735,53.56,34,9,2.42
516,Russell,US,2022-10-12 22:22:03,32.3502,-85.1999,65.43,88,100,9.22
517,Tucupita,VE,2022-10-12 22:22:04,9.0622,-62.051,75.34,94,100,4.38
518,Fallon,US,2022-10-12 22:22:04,39.4735,-118.7774,81.91,14,0,6.91
519,Verkhoyansk,RU,2022-10-12 22:22:05,67.5447,133.385,-4.41,99,89,2.04
520,Maputo,MZ,2022-10-12 22:19:37,-25.9653,32.5892,74.88,88,40,3.44
521,Baykit,RU,2022-10-12 22:22:06,61.67,96.37,33.75,87,98,6.31
522,San Carlos De Bariloche,AR,2022-10-12 22:22:07,-41.1456,-71.3082,42.03,50,75,16.11
523,Beckley,US,2022-10-12 22:22:07,37.7782,-81.1882,64.81,73,40,11.5
524,Sakaiminato,JP,2022-10-12 22:22:08,35.55,133.2333,53.58,100,20,3.44
525,Rudbar,AF,2022-10-12 22:22:08,30.15,62.6,69.51,14,0,5.79
526,Bhuj,IN,2022-10-12 22:22:09,23.2667,69.6667,82.53,40,12,4.05
527,Corrente,BR,2022-10-12 22:22:09,-3.7367,-43.3394,85.8,39,31,7.4
528,Denpasar,ID,2022-10-12 22:18:12,-8.65,115.2167,80.26,88,40,3.44
529,Mar Del Plata,AR,2022-10-12 22:17:54,-38.0023,-57.5575,59.09,66,0,5.99
530,That Phanom,TH,2022-10-12 22:22:10,16.9364,104.7104,65.16,82,85,6.33
531,Dingle,PH,2022-10-12 22:22:10,10.9995,122.6711,75.87,92,100,4.36
532,Saint-Augustin,CA,2022-10-12 22:22:11,51.226,-58.6502,42.71,69,100,6.53
533,San Francisco,US,2022-10-12 22:21:53,37.7749,-122.4194,82.17,81,20,12.66
534,Katghora,IN,2022-10-12 22:22:12,22.5,82.55,70.39,98,56,2.84
535,Sibolga,ID,2022-10-12 22:22:12,1.7427,98.7792,75.06,84,100,3.06
536,Mount Isa,AU,2022-10-12 22:22:13,-20.7333,139.5,83.97,51,0,5.75
537,Dickinson,US,2022-10-12 22:18:34,29.4608,-95.0513,93.13,75,75,20.71
538,Kieta,PG,2022-10-12 22:22:13,-6.2167,155.6333,82.2,75,87,2.98
539,Tual,ID,2022-10-12 22:22:14,-5.6667,132.75,83.59,73,76,12.46
540,Ereymentau,KZ,2022-10-12 22:22:14,51.6199,73.1033,44.15,56,58,6.62
541,Aguimes,ES,2022-10-12 22:22:15,27.9054,-15.4461,70.43,73,40,16.11
542,Vardo,NO,2022-10-12 22:22:15,70.3705,31.1107,40.98,81,100,9.22
543,Burkburnett,US,2022-10-12 22:22:16,34.0979,-98.5706,87.55,21,0,16.11
544,Taltal,CL,2022-10-12 22:22:17,-25.4,-70.4833,59.32,74,47,3.94
